{
  "acc_base": 0.0,
  "acc_with": 0.0,
  "delta_acc": 0.0,
  "mean_logit_base": 7.34453125,
  "mean_logit_with": 11.84375,
  "mean_delta_logit": 4.49921875,
  "std_delta_logit": 1.4634720661089675,
  "mean_logprob_base": -6.288721752166748,
  "mean_logprob_with": -4.052663707733155,
  "mean_delta_logprob": 2.2360580444335936,
  "std_delta_logprob": 0.9420400572012377,
  "mean_p_base": 0.003099867833952885,
  "mean_p_with": 0.025247343676164748,
  "mean_delta_p": 0.022147475842211863,
  "std_delta_p": 0.018074845201824816
}