{
  "acc_base": 0.0,
  "acc_with": 0.0,
  "delta_acc": 0.0,
  "mean_logit_base": 7.687890625,
  "mean_logit_with": 9.0189453125,
  "mean_delta_logit": 1.3310546875,
  "std_delta_logit": 1.8527462036604534,
  "mean_logprob_base": -6.482449626922607,
  "mean_logprob_with": -6.67043170928955,
  "mean_delta_logprob": -0.18798208236694336,
  "std_delta_logprob": 1.3017916894707164,
  "mean_p_base": 0.01547693213178718,
  "mean_p_with": 0.011848481422975964,
  "mean_delta_p": -0.003628450708811215,
  "std_delta_p": 0.02287970167223358
}