{
  "acc_base": 0.0,
  "acc_with": 0.1,
  "delta_acc": 0.1,
  "mean_logit_base": 7.814453125,
  "mean_logit_with": 8.693359375,
  "mean_delta_logit": 0.87890625,
  "std_delta_logit": 0.20888030411054198,
  "mean_logprob_base": -6.97628755569458,
  "mean_logprob_with": -6.555434513092041,
  "mean_delta_logprob": 0.4208530426025391,
  "std_delta_logprob": 0.23933869033498412,
  "mean_p_base": 0.007047936401068,
  "mean_p_with": 0.009211681049782783,
  "mean_delta_p": 0.002163744648714783,
  "std_delta_p": 0.003816899560594507
}