{
  "acc_base": 0.1,
  "acc_with": 0.1,
  "delta_acc": 0.0,
  "mean_logit_base": 7.1091796875,
  "mean_logit_with": 8.05546875,
  "mean_delta_logit": 0.9462890625,
  "std_delta_logit": 0.47385183402400183,
  "mean_logprob_base": -6.924390602111816,
  "mean_logprob_with": -6.233491325378418,
  "mean_delta_logprob": 0.6908992767333985,
  "std_delta_logprob": 0.4762031144301554,
  "mean_p_base": 0.01445253350539133,
  "mean_p_with": 0.017154490153188817,
  "mean_delta_p": 0.0027019566477974877,
  "std_delta_p": 0.004457879200993951
}