{
  "acc_base": 0.0,
  "acc_with": 0.0,
  "delta_acc": 0.0,
  "mean_logit_base": 7.0,
  "mean_logit_with": 9.647265625,
  "mean_delta_logit": 2.647265625,
  "std_delta_logit": 1.4306840468954058,
  "mean_logprob_base": -7.194552993774414,
  "mean_logprob_with": -4.799119091033935,
  "mean_delta_logprob": 2.3954339027404785,
  "std_delta_logprob": 1.2097999002013282,
  "mean_p_base": 0.0014635205516242422,
  "mean_p_with": 0.02017000025953166,
  "mean_delta_p": 0.018706479707907418,
  "std_delta_p": 0.020168117438284994
}