{
  "acc_base": 0.0,
  "acc_with": 0.2,
  "delta_acc": 0.2,
  "mean_logit_base": 7.0,
  "mean_logit_with": 9.748046875,
  "mean_delta_logit": 2.748046875,
  "std_delta_logit": 1.8737603730976424,
  "mean_logprob_base": -7.194552993774414,
  "mean_logprob_with": -4.581612682342529,
  "mean_delta_logprob": 2.6129403114318848,
  "std_delta_logprob": 1.3163766487329596,
  "mean_p_base": 0.0014635205516242422,
  "mean_p_with": 0.03211513316491619,
  "mean_delta_p": 0.030651612613291947,
  "std_delta_p": 0.046623922456160594
}