{
  "acc_base": 0.1,
  "acc_with": 0.1,
  "delta_acc": 0.0,
  "mean_logit_base": 7.1091796875,
  "mean_logit_with": 8.057421875,
  "mean_delta_logit": 0.9482421875,
  "std_delta_logit": 0.44186857874411894,
  "mean_logprob_base": -6.924390602111816,
  "mean_logprob_with": -6.301465320587158,
  "mean_delta_logprob": 0.6229252815246582,
  "std_delta_logprob": 0.4150603533376684,
  "mean_p_base": 0.01445253350539133,
  "mean_p_with": 0.015127140819095075,
  "mean_delta_p": 0.0006746073137037456,
  "std_delta_p": 0.0019380297224629005
}