{
  "acc_base": 0.0,
  "acc_with": 0.1,
  "delta_acc": 0.1,
  "mean_logit_base": 7.687890625,
  "mean_logit_with": 8.446484375,
  "mean_delta_logit": 0.75859375,
  "std_delta_logit": 0.5753252519295607,
  "mean_logprob_base": -6.482449626922607,
  "mean_logprob_with": -6.55450963973999,
  "mean_delta_logprob": -0.07206001281738281,
  "std_delta_logprob": 0.5412233399226194,
  "mean_p_base": 0.01547693213178718,
  "mean_p_with": 0.04876977387702937,
  "mean_delta_p": 0.033292841745242184,
  "std_delta_p": 0.10035865155209231
}