{
  "acc_base": 0.0,
  "acc_with": 0.1,
  "delta_acc": 0.1,
  "mean_logit_base": 7.814453125,
  "mean_logit_with": 9.9921875,
  "mean_delta_logit": 2.177734375,
  "std_delta_logit": 1.014613754369928,
  "mean_logprob_base": -6.97628755569458,
  "mean_logprob_with": -4.620048332214355,
  "mean_delta_logprob": 2.3562392234802245,
  "std_delta_logprob": 0.8777627984225163,
  "mean_p_base": 0.007047936401068,
  "mean_p_with": 0.03870442039333284,
  "mean_delta_p": 0.03165648399226484,
  "std_delta_p": 0.04191923367309013
}