{
  "acc_base": 0.0,
  "acc_with": 0.1,
  "delta_acc": 0.1,
  "mean_logit_base": 7.687890625,
  "mean_logit_with": 9.976171875,
  "mean_delta_logit": 2.28828125,
  "std_delta_logit": 1.0221153793152769,
  "mean_logprob_base": -6.482449626922607,
  "mean_logprob_with": -4.924864864349365,
  "mean_delta_logprob": 1.5575847625732422,
  "std_delta_logprob": 0.8391753894141002,
  "mean_p_base": 0.01547693213178718,
  "mean_p_with": 0.038356172380736096,
  "mean_delta_p": 0.02287924024894892,
  "std_delta_p": 0.028201185347859696
}