{
  "n_layers": 32,
  "old_best_layer_by_mean_delta_p": 10,
  "old_best_mean_delta_p": 0.006568086676995222,
  "new_best_layer_by_mean_delta_p": 13,
  "new_best_mean_delta_p": 0.24299636924974038,
  "old_best_layer_by_acc_with": 0,
  "old_best_acc_with": 0.02,
  "new_best_layer_by_acc_with": 12,
  "new_best_acc_with": 0.6,
  "top5_new_by_mean_delta_p": [
    {
      "layer": 13,
      "old_acc_base": 0.0,
      "old_acc_with": 0.0,
      "old_delta_acc": 0.0,
      "old_mean_delta_logprob": 2.7993452453613283,
      "old_mean_delta_p": 0.0014836295638968977,
      "new_acc_base": 0.0,
      "new_acc_with": 0.56,
      "new_delta_acc": 0.56,
      "new_mean_delta_logprob": 5.3973940658569335,
      "new_mean_delta_p": 0.24299636924974038,
      "diff_acc_with": 0.56,
      "diff_delta_acc": 0.56,
      "diff_mean_delta_logprob": 2.598048820495605,
      "diff_mean_delta_p": 0.2415127396858435
    },
    {
      "layer": 12,
      "old_acc_base": 0.0,
      "old_acc_with": 0.0,
      "old_delta_acc": 0.0,
      "old_mean_delta_logprob": 3.599430732727051,
      "old_mean_delta_p": 0.0031964964372235725,
      "new_acc_base": 0.0,
      "new_acc_with": 0.6,
      "new_delta_acc": 0.6,
      "new_mean_delta_logprob": 5.017006244659424,
      "new_mean_delta_p": 0.19883470490363833,
      "diff_acc_with": 0.6,
      "diff_delta_acc": 0.6,
      "diff_mean_delta_logprob": 1.4175755119323727,
      "diff_mean_delta_p": 0.19563820846641475
    },
    {
      "layer": 11,
      "old_acc_base": 0.0,
      "old_acc_with": 0.0,
      "old_delta_acc": 0.0,
      "old_mean_delta_logprob": 4.064351501464844,
      "old_mean_delta_p": 0.003907310457111066,
      "new_acc_base": 0.0,
      "new_acc_with": 0.34,
      "new_delta_acc": 0.34,
      "new_mean_delta_logprob": 4.681123294830322,
      "new_mean_delta_p": 0.1678633984746557,
      "diff_acc_with": 0.34,
      "diff_delta_acc": 0.34,
      "diff_mean_delta_logprob": 0.6167717933654782,
      "diff_mean_delta_p": 0.16395608801754463
    },
    {
      "layer": 14,
      "old_acc_base": 0.0,
      "old_acc_with": 0.0,
      "old_delta_acc": 0.0,
      "old_mean_delta_logprob": 1.6927264785766603,
      "old_mean_delta_p": 0.00026062398146279973,
      "new_acc_base": 0.0,
      "new_acc_with": 0.38,
      "new_delta_acc": 0.38,
      "new_mean_delta_logprob": 4.885746097564697,
      "new_mean_delta_p": 0.16136069015949034,
      "diff_acc_with": 0.38,
      "diff_delta_acc": 0.38,
      "diff_mean_delta_logprob": 3.1930196189880364,
      "diff_mean_delta_p": 0.16110006617802755
    },
    {
      "layer": 10,
      "old_acc_base": 0.0,
      "old_acc_with": 0.0,
      "old_delta_acc": 0.0,
      "old_mean_delta_logprob": 4.198279533386231,
      "old_mean_delta_p": 0.006568086676995222,
      "new_acc_base": 0.0,
      "new_acc_with": 0.4,
      "new_delta_acc": 0.4,
      "new_mean_delta_logprob": 4.475568351745605,
      "new_mean_delta_p": 0.13181530462556112,
      "diff_acc_with": 0.4,
      "diff_delta_acc": 0.4,
      "diff_mean_delta_logprob": 0.27728881835937447,
      "diff_mean_delta_p": 0.12524721794856591
    }
  ],
  "top5_new_by_acc_with": [
    {
      "layer": 12,
      "old_acc_base": 0.0,
      "old_acc_with": 0.0,
      "old_delta_acc": 0.0,
      "old_mean_delta_logprob": 3.599430732727051,
      "old_mean_delta_p": 0.0031964964372235725,
      "new_acc_base": 0.0,
      "new_acc_with": 0.6,
      "new_delta_acc": 0.6,
      "new_mean_delta_logprob": 5.017006244659424,
      "new_mean_delta_p": 0.19883470490363833,
      "diff_acc_with": 0.6,
      "diff_delta_acc": 0.6,
      "diff_mean_delta_logprob": 1.4175755119323727,
      "diff_mean_delta_p": 0.19563820846641475
    },
    {
      "layer": 13,
      "old_acc_base": 0.0,
      "old_acc_with": 0.0,
      "old_delta_acc": 0.0,
      "old_mean_delta_logprob": 2.7993452453613283,
      "old_mean_delta_p": 0.0014836295638968977,
      "new_acc_base": 0.0,
      "new_acc_with": 0.56,
      "new_delta_acc": 0.56,
      "new_mean_delta_logprob": 5.3973940658569335,
      "new_mean_delta_p": 0.24299636924974038,
      "diff_acc_with": 0.56,
      "diff_delta_acc": 0.56,
      "diff_mean_delta_logprob": 2.598048820495605,
      "diff_mean_delta_p": 0.2415127396858435
    },
    {
      "layer": 10,
      "old_acc_base": 0.0,
      "old_acc_with": 0.0,
      "old_delta_acc": 0.0,
      "old_mean_delta_logprob": 4.198279533386231,
      "old_mean_delta_p": 0.006568086676995222,
      "new_acc_base": 0.0,
      "new_acc_with": 0.4,
      "new_delta_acc": 0.4,
      "new_mean_delta_logprob": 4.475568351745605,
      "new_mean_delta_p": 0.13181530462556112,
      "diff_acc_with": 0.4,
      "diff_delta_acc": 0.4,
      "diff_mean_delta_logprob": 0.27728881835937447,
      "diff_mean_delta_p": 0.12524721794856591
    },
    {
      "layer": 14,
      "old_acc_base": 0.0,
      "old_acc_with": 0.0,
      "old_delta_acc": 0.0,
      "old_mean_delta_logprob": 1.6927264785766603,
      "old_mean_delta_p": 0.00026062398146279973,
      "new_acc_base": 0.0,
      "new_acc_with": 0.38,
      "new_delta_acc": 0.38,
      "new_mean_delta_logprob": 4.885746097564697,
      "new_mean_delta_p": 0.16136069015949034,
      "diff_acc_with": 0.38,
      "diff_delta_acc": 0.38,
      "diff_mean_delta_logprob": 3.1930196189880364,
      "diff_mean_delta_p": 0.16110006617802755
    },
    {
      "layer": 9,
      "old_acc_base": 0.0,
      "old_acc_with": 0.0,
      "old_delta_acc": 0.0,
      "old_mean_delta_logprob": 3.7371706771850586,
      "old_mean_delta_p": 0.004169028507087091,
      "new_acc_base": 0.0,
      "new_acc_with": 0.34,
      "new_delta_acc": 0.34,
      "new_mean_delta_logprob": 4.40278730392456,
      "new_mean_delta_p": 0.11731182027549948,
      "diff_acc_with": 0.34,
      "diff_delta_acc": 0.34,
      "diff_mean_delta_logprob": 0.6656166267395016,
      "diff_mean_delta_p": 0.1131427917684124
    }
  ]
}