{
  "acc_base": 0.0,
  "acc_with": 0.0,
  "delta_acc": 0.0,
  "mean_logit_base": 5.83408203125,
  "mean_logit_with": 7.9451171875,
  "mean_delta_logit": 2.11103515625,
  "std_delta_logit": 1.8129848515739846,
  "mean_logprob_base": -7.218427944183349,
  "mean_logprob_with": -6.829332733154297,
  "mean_delta_logprob": 0.38909521102905276,
  "std_delta_logprob": 1.9774110378396614,
  "mean_p_base": 0.002226201119628968,
  "mean_p_with": 0.01799680327283113,
  "mean_delta_p": 0.01577060215320216,
  "std_delta_p": 0.03877414173342363
}