{
  "acc_base": 0.0,
  "acc_with": 0.1,
  "delta_acc": 0.1,
  "mean_logit_base": 4.84443359375,
  "mean_logit_with": 8.7296875,
  "mean_delta_logit": 3.88525390625,
  "std_delta_logit": 1.0122040162913373,
  "mean_logprob_base": -8.568377208709716,
  "mean_logprob_with": -6.007933616638184,
  "mean_delta_logprob": 2.5604435920715334,
  "std_delta_logprob": 1.040281721106161,
  "mean_p_base": 0.0003062820051127346,
  "mean_p_with": 0.009953494771616533,
  "mean_delta_p": 0.009647212766503798,
  "std_delta_p": 0.020579376364007734
}