{
  "acc_base": 0.0,
  "acc_with": 0.0,
  "delta_acc": 0.0,
  "mean_logit_base": 7.644921875,
  "mean_logit_with": 8.907421875,
  "mean_delta_logit": 1.2625,
  "std_delta_logit": 0.6397140054657726,
  "mean_logprob_base": -7.199356460571289,
  "mean_logprob_with": -6.324051761627198,
  "mean_delta_logprob": 0.8753046989440918,
  "std_delta_logprob": 0.5205350390953406,
  "mean_p_base": 0.003960345350424177,
  "mean_p_with": 0.008635176121242694,
  "mean_delta_p": 0.004674830770818516,
  "std_delta_p": 0.007895751640772145
}