{
  "acc_base": 0.0,
  "acc_with": 0.3,
  "delta_acc": 0.3,
  "mean_logit_base": 7.687890625,
  "mean_logit_with": 11.76328125,
  "mean_delta_logit": 4.075390625,
  "std_delta_logit": 1.6980905467986545,
  "mean_logprob_base": -6.482449626922607,
  "mean_logprob_with": -4.191672897338867,
  "mean_delta_logprob": 2.2907767295837402,
  "std_delta_logprob": 1.2258450871413842,
  "mean_p_base": 0.01547693213178718,
  "mean_p_with": 0.09917269144207239,
  "mean_delta_p": 0.08369575931028521,
  "std_delta_p": 0.12529966047459176
}