{
  "acc_base": 0.1,
  "acc_with": 0.1,
  "delta_acc": 0.0,
  "mean_logit_base": 7.1091796875,
  "mean_logit_with": 7.840625,
  "mean_delta_logit": 0.7314453125,
  "std_delta_logit": 0.4227541205568006,
  "mean_logprob_base": -6.924390602111816,
  "mean_logprob_with": -6.52530574798584,
  "mean_delta_logprob": 0.39908485412597655,
  "std_delta_logprob": 0.3478670200806847,
  "mean_p_base": 0.01445253350539133,
  "mean_p_with": 0.013336211659770924,
  "mean_delta_p": -0.0011163218456204048,
  "std_delta_p": 0.004938651685372889
}