{
  "acc_base": 0.0,
  "acc_with": 0.1,
  "delta_acc": 0.1,
  "mean_logit_base": 7.814453125,
  "mean_logit_with": 9.040234375,
  "mean_delta_logit": 1.22578125,
  "std_delta_logit": 0.4444131543483074,
  "mean_logprob_base": -6.97628755569458,
  "mean_logprob_with": -6.110589790344238,
  "mean_delta_logprob": 0.8656977653503418,
  "std_delta_logprob": 0.4137925405968973,
  "mean_p_base": 0.007047936401068,
  "mean_p_with": 0.011872911761747674,
  "mean_delta_p": 0.004824975360679673,
  "std_delta_p": 0.006991371895144055
}