{
  "acc_base": 0.1,
  "acc_with": 0.1,
  "delta_acc": 0.0,
  "mean_logit_base": 7.1091796875,
  "mean_logit_with": 8.598046875,
  "mean_delta_logit": 1.4888671875,
  "std_delta_logit": 0.7501200516303441,
  "mean_logprob_base": -6.924390602111816,
  "mean_logprob_with": -5.696173286437988,
  "mean_delta_logprob": 1.228217315673828,
  "std_delta_logprob": 0.6299373710739635,
  "mean_p_base": 0.01445253350539133,
  "mean_p_with": 0.02276037039991934,
  "mean_delta_p": 0.00830783689452801,
  "std_delta_p": 0.017594629280312017
}