{
  "acc_base": 0.0,
  "acc_with": 0.0,
  "delta_acc": 0.0,
  "mean_logit_base": 7.34453125,
  "mean_logit_with": 9.62578125,
  "mean_delta_logit": 2.28125,
  "std_delta_logit": 0.7262747245952715,
  "mean_logprob_base": -6.288721752166748,
  "mean_logprob_with": -4.8297279357910154,
  "mean_delta_logprob": 1.4589938163757323,
  "std_delta_logprob": 0.5092757381513596,
  "mean_p_base": 0.003099867833952885,
  "mean_p_with": 0.012890969909494742,
  "mean_delta_p": 0.009791102075541857,
  "std_delta_p": 0.008440125977834176
}