{
  "acc_base": 0.0,
  "acc_with": 0.0,
  "delta_acc": 0.0,
  "mean_logit_base": 7.0,
  "mean_logit_with": 8.953125,
  "mean_delta_logit": 1.953125,
  "std_delta_logit": 1.9735997125038585,
  "mean_logprob_base": -7.194552993774414,
  "mean_logprob_with": -6.870593070983887,
  "mean_delta_logprob": 0.3239599227905273,
  "std_delta_logprob": 1.6556155495101934,
  "mean_p_base": 0.0014635205516242422,
  "mean_p_with": 0.007491229156585177,
  "mean_delta_p": 0.006027708604960935,
  "std_delta_p": 0.012331424182616095
}