{
  "acc_base": 0.0,
  "acc_with": 0.0,
  "delta_acc": 0.0,
  "mean_logit_base": 5.83408203125,
  "mean_logit_with": 5.96982421875,
  "mean_delta_logit": 0.1357421875,
  "std_delta_logit": 0.49407133438348017,
  "mean_logprob_base": -7.218427944183349,
  "mean_logprob_with": -8.118193244934082,
  "mean_delta_logprob": -0.8997653007507325,
  "std_delta_logprob": 0.5224683342160797,
  "mean_p_base": 0.002226201119628968,
  "mean_p_with": 0.0013059465014521265,
  "mean_delta_p": -0.0009202546181768412,
  "std_delta_p": 0.0011367112997912917
}