{
  "acc_base": 0.0,
  "acc_with": 0.2,
  "delta_acc": 0.2,
  "mean_logit_base": 7.644921875,
  "mean_logit_with": 9.9890625,
  "mean_delta_logit": 2.344140625,
  "std_delta_logit": 1.3307401298574004,
  "mean_logprob_base": -7.199356460571289,
  "mean_logprob_with": -5.598431396484375,
  "mean_delta_logprob": 1.6009250640869142,
  "std_delta_logprob": 1.1107345304212686,
  "mean_p_base": 0.003960345350424177,
  "mean_p_with": 0.02622703335073311,
  "mean_delta_p": 0.022266688000308933,
  "std_delta_p": 0.03879457151657941
}