{
  "acc_base": 0.0,
  "acc_with": 0.1,
  "delta_acc": 0.1,
  "mean_logit_base": 7.814453125,
  "mean_logit_with": 9.61484375,
  "mean_delta_logit": 1.800390625,
  "std_delta_logit": 0.5444630124478872,
  "mean_logprob_base": -6.97628755569458,
  "mean_logprob_with": -5.600093650817871,
  "mean_delta_logprob": 1.376193904876709,
  "std_delta_logprob": 0.5177643303330236,
  "mean_p_base": 0.007047936401068,
  "mean_p_with": 0.021895344516087788,
  "mean_delta_p": 0.014847408115019788,
  "std_delta_p": 0.02997049809130963
}