{
  "acc_base": 0.0,
  "acc_with": 0.0,
  "delta_acc": 0.0,
  "mean_logit_base": 7.34453125,
  "mean_logit_with": 9.025390625,
  "mean_delta_logit": 1.680859375,
  "std_delta_logit": 0.64926305222639,
  "mean_logprob_base": -6.288721752166748,
  "mean_logprob_with": -5.237642288208008,
  "mean_delta_logprob": 1.0510794639587402,
  "std_delta_logprob": 0.43158328757793873,
  "mean_p_base": 0.003099867833952885,
  "mean_p_with": 0.009170787077164278,
  "mean_delta_p": 0.006070919243211392,
  "std_delta_p": 0.0057543012215871825
}