{
  "acc_base": 0.1,
  "acc_with": 0.1,
  "delta_acc": 0.0,
  "mean_logit_base": 9.5408203125,
  "mean_logit_with": 10.4833984375,
  "mean_delta_logit": 0.942578125,
  "std_delta_logit": 0.3211500577909657,
  "mean_logprob_base": -5.262996768951416,
  "mean_logprob_with": -4.9533697128295895,
  "mean_delta_logprob": 0.30962705612182617,
  "std_delta_logprob": 0.15569753409326764,
  "mean_p_base": 0.018350403838212515,
  "mean_p_with": 0.022622052214956057,
  "mean_delta_p": 0.004271648376743542,
  "std_delta_p": 0.003176780469982148
}