{
  "acc_base": 0.0,
  "acc_with": 0.0,
  "delta_acc": 0.0,
  "mean_logit_base": 7.0,
  "mean_logit_with": 8.573046875,
  "mean_delta_logit": 1.573046875,
  "std_delta_logit": 0.8956802970815413,
  "mean_logprob_base": -7.194552993774414,
  "mean_logprob_with": -5.864822483062744,
  "mean_delta_logprob": 1.32973051071167,
  "std_delta_logprob": 0.6511362738164851,
  "mean_p_base": 0.0014635205516242422,
  "mean_p_with": 0.005425388540606946,
  "mean_delta_p": 0.003961867988982704,
  "std_delta_p": 0.004337306141929487
}