{
  "acc_base": 0.1,
  "acc_with": 0.1,
  "delta_acc": 0.0,
  "mean_logit_base": 7.1091796875,
  "mean_logit_with": 10.540234375,
  "mean_delta_logit": 3.4310546875,
  "std_delta_logit": 1.1351982051187295,
  "mean_logprob_base": -6.924390602111816,
  "mean_logprob_with": -4.606780052185059,
  "mean_delta_logprob": 2.3176105499267576,
  "std_delta_logprob": 0.8763311064859045,
  "mean_p_base": 0.01445253350539133,
  "mean_p_with": 0.028257974644657225,
  "mean_delta_p": 0.013805441139265896,
  "std_delta_p": 0.014402006560100537
}