{
  "acc_base": 0.0,
  "acc_with": 0.0,
  "delta_acc": 0.0,
  "mean_logit_base": 4.84443359375,
  "mean_logit_with": 6.1705078125,
  "mean_delta_logit": 1.32607421875,
  "std_delta_logit": 0.26020963653734924,
  "mean_logprob_base": -8.568377208709716,
  "mean_logprob_with": -7.840148258209228,
  "mean_delta_logprob": 0.7282289505004883,
  "std_delta_logprob": 0.31572488364195345,
  "mean_p_base": 0.0003062820051127346,
  "mean_p_with": 0.0009306520027166698,
  "mean_delta_p": 0.0006243699976039352,
  "std_delta_p": 0.0013244471564719403
}