{
  "acc_base": 0.0,
  "acc_with": 0.0,
  "delta_acc": 0.0,
  "mean_logit_base": 7.0,
  "mean_logit_with": 9.86796875,
  "mean_delta_logit": 2.86796875,
  "std_delta_logit": 1.7851330003956463,
  "mean_logprob_base": -7.194552993774414,
  "mean_logprob_with": -4.764148712158203,
  "mean_delta_logprob": 2.430404281616211,
  "std_delta_logprob": 1.355979515266628,
  "mean_p_base": 0.0014635205516242422,
  "mean_p_with": 0.025620102015091108,
  "mean_delta_p": 0.024156581463466865,
  "std_delta_p": 0.02898195100388734
}