{
  "acc_base": 0.0,
  "acc_with": 0.1,
  "delta_acc": 0.1,
  "mean_logit_base": 7.814453125,
  "mean_logit_with": 9.658984375,
  "mean_delta_logit": 1.84453125,
  "std_delta_logit": 0.5123052459609042,
  "mean_logprob_base": -6.97628755569458,
  "mean_logprob_with": -5.545559501647949,
  "mean_delta_logprob": 1.430728054046631,
  "std_delta_logprob": 0.5032427626885088,
  "mean_p_base": 0.007047936401068,
  "mean_p_with": 0.02104646279622102,
  "mean_delta_p": 0.013998526395153022,
  "std_delta_p": 0.024712199635111134
}