{
  "acc_base": 0.0,
  "acc_with": 0.0,
  "delta_acc": 0.0,
  "mean_logit_base": 7.0,
  "mean_logit_with": 7.865234375,
  "mean_delta_logit": 0.865234375,
  "std_delta_logit": 0.3738354721064845,
  "mean_logprob_base": -7.194552993774414,
  "mean_logprob_with": -6.877939319610595,
  "mean_delta_logprob": 0.31661367416381836,
  "std_delta_logprob": 0.35567517541791793,
  "mean_p_base": 0.0014635205516242422,
  "mean_p_with": 0.0022440730928792616,
  "mean_delta_p": 0.0007805525412550196,
  "std_delta_p": 0.000982861001701697
}