{
  "acc_base": 0.0,
  "acc_with": 0.0,
  "delta_acc": 0.0,
  "mean_logit_base": 7.644921875,
  "mean_logit_with": 8.546875,
  "mean_delta_logit": 0.901953125,
  "std_delta_logit": 0.4099495386844314,
  "mean_logprob_base": -7.199356460571289,
  "mean_logprob_with": -6.824756336212158,
  "mean_delta_logprob": 0.37460012435913087,
  "std_delta_logprob": 0.3510564649928994,
  "mean_p_base": 0.003960345350424177,
  "mean_p_with": 0.0049260662759479604,
  "mean_delta_p": 0.000965720925523783,
  "std_delta_p": 0.005268487466596021
}