{
  "acc_base": 0.0,
  "acc_with": 0.0,
  "delta_acc": 0.0,
  "mean_logit_base": 7.0,
  "mean_logit_with": 7.929296875,
  "mean_delta_logit": 0.929296875,
  "std_delta_logit": 0.3722082360013889,
  "mean_logprob_base": -7.194552993774414,
  "mean_logprob_with": -6.643903064727783,
  "mean_delta_logprob": 0.5506499290466309,
  "std_delta_logprob": 0.30663274827554626,
  "mean_p_base": 0.0014635205516242422,
  "mean_p_with": 0.0024893179157515987,
  "mean_delta_p": 0.0010257973641273565,
  "std_delta_p": 0.0010870650943912005
}