{
  "acc_base": 0.1,
  "acc_with": 0.1,
  "delta_acc": 0.0,
  "mean_logit_base": 9.5408203125,
  "mean_logit_with": 10.0689453125,
  "mean_delta_logit": 0.528125,
  "std_delta_logit": 0.3365265547773496,
  "mean_logprob_base": -5.262996768951416,
  "mean_logprob_with": -5.03799524307251,
  "mean_delta_logprob": 0.22500152587890626,
  "std_delta_logprob": 0.23202087245009365,
  "mean_p_base": 0.018350403838212515,
  "mean_p_with": 0.021823433622239465,
  "mean_delta_p": 0.0034730297840269487,
  "std_delta_p": 0.005312257443474093
}