{
  "acc_base": 0.1,
  "acc_with": 0.0,
  "delta_acc": -0.1,
  "mean_logit_base": 7.1091796875,
  "mean_logit_with": 9.7390625,
  "mean_delta_logit": 2.6298828125,
  "std_delta_logit": 0.6821386578244449,
  "mean_logprob_base": -6.924390602111816,
  "mean_logprob_with": -4.899956321716308,
  "mean_delta_logprob": 2.024434280395508,
  "std_delta_logprob": 0.8163113913942109,
  "mean_p_base": 0.01445253350539133,
  "mean_p_with": 0.03364864980103448,
  "mean_delta_p": 0.01919611629564315,
  "std_delta_p": 0.026816071747964496
}