{
  "acc_base": 0.0,
  "acc_with": 0.0,
  "delta_acc": 0.0,
  "mean_logit_base": 7.687890625,
  "mean_logit_with": 9.02890625,
  "mean_delta_logit": 1.341015625,
  "std_delta_logit": 0.47683793910092304,
  "mean_logprob_base": -6.482449626922607,
  "mean_logprob_with": -5.9561278343200685,
  "mean_delta_logprob": 0.5263217926025391,
  "std_delta_logprob": 0.3582692310917832,
  "mean_p_base": 0.01547693213178718,
  "mean_p_with": 0.01384159306617221,
  "mean_delta_p": -0.0016353390656149713,
  "std_delta_p": 0.011907511332853605
}