{
  "acc_base": 0.0,
  "acc_with": 0.0,
  "delta_acc": 0.0,
  "mean_logit_base": 7.0,
  "mean_logit_with": 8.758203125,
  "mean_delta_logit": 1.758203125,
  "std_delta_logit": 0.7375439646919468,
  "mean_logprob_base": -7.194552993774414,
  "mean_logprob_with": -5.798027801513672,
  "mean_delta_logprob": 1.3965251922607422,
  "std_delta_logprob": 0.5695263323122177,
  "mean_p_base": 0.0014635205516242422,
  "mean_p_with": 0.005355468881316483,
  "mean_delta_p": 0.0038919483296922406,
  "std_delta_p": 0.0033514861982010865
}