{
  "acc_base": 0.1,
  "acc_with": 0.1,
  "delta_acc": 0.0,
  "mean_logit_base": 9.5408203125,
  "mean_logit_with": 10.478515625,
  "mean_delta_logit": 0.9376953125,
  "std_delta_logit": 0.3703100791884217,
  "mean_logprob_base": -5.262996768951416,
  "mean_logprob_with": -4.905728054046631,
  "mean_delta_logprob": 0.3572687149047852,
  "std_delta_logprob": 0.321278056454577,
  "mean_p_base": 0.018350403838212515,
  "mean_p_with": 0.025026439009025125,
  "mean_delta_p": 0.006676035170812611,
  "std_delta_p": 0.007731010630038479
}