{
  "acc_base": 0.0,
  "acc_with": 0.0,
  "delta_acc": 0.0,
  "mean_logit_base": 7.34453125,
  "mean_logit_with": 8.08046875,
  "mean_delta_logit": 0.7359375,
  "std_delta_logit": 1.9458592981516227,
  "mean_logprob_base": -6.288721752166748,
  "mean_logprob_with": -6.757973289489746,
  "mean_delta_logprob": -0.46925153732299807,
  "std_delta_logprob": 1.5708738231232062,
  "mean_p_base": 0.003099867833952885,
  "mean_p_with": 0.0036854629128356465,
  "mean_delta_p": 0.0005855950788827613,
  "std_delta_p": 0.0057973770132581
}