{
  "acc_base": 0.1,
  "acc_with": 0.1,
  "delta_acc": 0.0,
  "mean_logit_base": 7.1091796875,
  "mean_logit_with": 9.084375,
  "mean_delta_logit": 1.9751953125,
  "std_delta_logit": 0.8025580754166666,
  "mean_logprob_base": -6.924390602111816,
  "mean_logprob_with": -5.321427822113037,
  "mean_delta_logprob": 1.6029627799987793,
  "std_delta_logprob": 0.6564275625094738,
  "mean_p_base": 0.01445253350539133,
  "mean_p_with": 0.027948893420398236,
  "mean_delta_p": 0.013496359915006906,
  "std_delta_p": 0.02761071234199384
}