{
  "acc_base": 0.0,
  "acc_with": 0.0,
  "delta_acc": 0.0,
  "mean_logit_base": 7.0,
  "mean_logit_with": 7.469921875,
  "mean_delta_logit": 0.469921875,
  "std_delta_logit": 0.3377993915848253,
  "mean_logprob_base": -7.194552993774414,
  "mean_logprob_with": -7.50282506942749,
  "mean_delta_logprob": -0.3082720756530762,
  "std_delta_logprob": 0.337938630749305,
  "mean_p_base": 0.0014635205516242422,
  "mean_p_with": 0.0012623236012586857,
  "mean_delta_p": -0.0002011969503655564,
  "std_delta_p": 0.0004390418986091849
}