{
  "acc_base": 0.1,
  "acc_with": 0.0,
  "delta_acc": -0.1,
  "mean_logit_base": 9.5408203125,
  "mean_logit_with": 9.9564453125,
  "mean_delta_logit": 0.415625,
  "std_delta_logit": 1.5163941749905638,
  "mean_logprob_base": -5.262996768951416,
  "mean_logprob_with": -5.77962007522583,
  "mean_delta_logprob": -0.5166233062744141,
  "std_delta_logprob": 1.4191018397912953,
  "mean_p_base": 0.018350403838212515,
  "mean_p_with": 0.02099554007889992,
  "mean_delta_p": 0.002645136240687407,
  "std_delta_p": 0.02802651188667368
}