{
  "acc_base": 0.1,
  "acc_with": 0.1,
  "delta_acc": 0.0,
  "mean_logit_base": 9.5408203125,
  "mean_logit_with": 9.9986328125,
  "mean_delta_logit": 0.4578125,
  "std_delta_logit": 0.3636120805435203,
  "mean_logprob_base": -5.262996768951416,
  "mean_logprob_with": -5.0934755325317385,
  "mean_delta_logprob": 0.16952123641967773,
  "std_delta_logprob": 0.2701280480728168,
  "mean_p_base": 0.018350403838212515,
  "mean_p_with": 0.023355883649810495,
  "mean_delta_p": 0.005005479811597979,
  "std_delta_p": 0.010734506086317139
}