trial_idx,target_id,clean_src_logprob,clean_fv_logprob,with_src_logprob,with_fv_logprob,delta_src_logprob,delta_fv_logprob,clean_equal,with_equal,delta_equal,trial_match,clean_logits_max_abs_diff,with_logits_max_abs_diff
0,4335,-3.951171875,-3.951171875,-2.3671875,-2.3671875,1.583984375,1.583984375,1,1,1,1,0.0,0.0
1,2997,-6.69140625,-6.69140625,-3.06640625,-3.06640625,3.625,3.625,1,1,1,1,0.0,0.0
2,31926,-1.46875,-1.46875,-1.189453125,-1.189453125,0.279296875,0.279296875,1,1,1,1,0.0,0.0
3,17676,-6.984375,-6.984375,-6.6171875,-6.6171875,0.3671875,0.3671875,1,1,1,1,0.0,0.0
4,20874,-7.13671875,-7.13671875,-5.1328125,-5.1328125,2.00390625,2.00390625,1,1,1,1,0.0,0.0
