{
  "acc_base": 0.0,
  "acc_with": 0.0,
  "delta_acc": 0.0,
  "mean_logit_base": 7.34453125,
  "mean_logit_with": 9.126171875,
  "mean_delta_logit": 1.781640625,
  "std_delta_logit": 0.527715291568359,
  "mean_logprob_base": -6.288721752166748,
  "mean_logprob_with": -5.211610126495361,
  "mean_delta_logprob": 1.0771116256713866,
  "std_delta_logprob": 0.42214974146739725,
  "mean_p_base": 0.003099867833952885,
  "mean_p_with": 0.009423173114191741,
  "mean_delta_p": 0.006323305280238856,
  "std_delta_p": 0.006981812537816643
}