{
  "acc_base": 0.0,
  "acc_with": 0.4,
  "delta_acc": 0.4,
  "mean_logit_base": 5.83408203125,
  "mean_logit_with": 10.27578125,
  "mean_delta_logit": 4.44169921875,
  "std_delta_logit": 1.2063283351307315,
  "mean_logprob_base": -7.218427944183349,
  "mean_logprob_with": -4.159437084197998,
  "mean_delta_logprob": 3.0589908599853515,
  "std_delta_logprob": 0.7500021274479657,
  "mean_p_base": 0.002226201119628968,
  "mean_p_with": 0.06797685016936157,
  "mean_delta_p": 0.0657506490497326,
  "std_delta_p": 0.07206906747530328
}