{
  "acc_base": 0.0,
  "acc_with": 0.0,
  "delta_acc": 0.0,
  "mean_logit_base": 7.0,
  "mean_logit_with": 8.919921875,
  "mean_delta_logit": 1.919921875,
  "std_delta_logit": 1.0554861704012057,
  "mean_logprob_base": -7.194552993774414,
  "mean_logprob_with": -5.638141345977783,
  "mean_delta_logprob": 1.5564116477966308,
  "std_delta_logprob": 0.824777507589713,
  "mean_p_base": 0.0014635205516242422,
  "mean_p_with": 0.006948826086590998,
  "mean_delta_p": 0.005485305534966756,
  "std_delta_p": 0.005022733757942295
}