{
  "acc_base": 0.0,
  "acc_with": 0.0,
  "delta_acc": 0.0,
  "mean_logit_base": 7.34453125,
  "mean_logit_with": 8.55234375,
  "mean_delta_logit": 1.2078125,
  "std_delta_logit": 0.2546491535549451,
  "mean_logprob_base": -6.288721752166748,
  "mean_logprob_with": -5.714097309112549,
  "mean_delta_logprob": 0.5746244430541992,
  "std_delta_logprob": 0.2069934293313534,
  "mean_p_base": 0.003099867833952885,
  "mean_p_with": 0.005348659692390356,
  "mean_delta_p": 0.0022487918584374713,
  "std_delta_p": 0.0019205629606110228
}