{
  "acc_base": 0.0,
  "acc_with": 0.0,
  "delta_acc": 0.0,
  "mean_logit_base": 4.84443359375,
  "mean_logit_with": 6.602734375,
  "mean_delta_logit": 1.75830078125,
  "std_delta_logit": 1.4313351834863703,
  "mean_logprob_base": -8.568377208709716,
  "mean_logprob_with": -9.44599952697754,
  "mean_delta_logprob": -0.8776223182678222,
  "std_delta_logprob": 1.5368425721608663,
  "mean_p_base": 0.0003062820051127346,
  "mean_p_with": 0.0013691037354874424,
  "mean_delta_p": 0.0010628217303747078,
  "std_delta_p": 0.003432389380984997
}