{
  "acc_base": 0.0,
  "acc_with": 0.0,
  "delta_acc": 0.0,
  "mean_logit_base": 4.84443359375,
  "mean_logit_with": 5.3328125,
  "mean_delta_logit": 0.48837890625,
  "std_delta_logit": 0.48200981302679513,
  "mean_logprob_base": -8.568377208709716,
  "mean_logprob_with": -9.56421709060669,
  "mean_delta_logprob": -0.9958398818969727,
  "std_delta_logprob": 0.41276987963467604,
  "mean_p_base": 0.0003062820051127346,
  "mean_p_with": 0.0001217901025484025,
  "mean_delta_p": -0.00018449190256433212,
  "std_delta_p": 0.00025057243295383946
}