{
  "acc_base": 0.1,
  "acc_with": 0.0,
  "delta_acc": -0.1,
  "mean_logit_base": 9.5408203125,
  "mean_logit_with": 10.548046875,
  "mean_delta_logit": 1.0072265625,
  "std_delta_logit": 1.7458136594600033,
  "mean_logprob_base": -5.262996768951416,
  "mean_logprob_with": -5.390329647064209,
  "mean_delta_logprob": -0.12733287811279298,
  "std_delta_logprob": 1.257868737016201,
  "mean_p_base": 0.018350403838212515,
  "mean_p_with": 0.036583226672985344,
  "mean_delta_p": 0.018232822834772833,
  "std_delta_p": 0.036075213844113815
}