{
  "acc_base": 0.1,
  "acc_with": 0.1,
  "delta_acc": 0.0,
  "mean_logit_base": 7.1091796875,
  "mean_logit_with": 9.819140625,
  "mean_delta_logit": 2.7099609375,
  "std_delta_logit": 0.759037372900355,
  "mean_logprob_base": -6.924390602111816,
  "mean_logprob_with": -5.066906356811524,
  "mean_delta_logprob": 1.8574842453002929,
  "std_delta_logprob": 0.8157526717711212,
  "mean_p_base": 0.01445253350539133,
  "mean_p_with": 0.03163080221856944,
  "mean_delta_p": 0.017178268713178114,
  "std_delta_p": 0.027083451204141438
}