{
  "acc_base": 0.0,
  "acc_with": 0.1,
  "delta_acc": 0.1,
  "mean_logit_base": 4.84443359375,
  "mean_logit_with": 7.8390625,
  "mean_delta_logit": 2.99462890625,
  "std_delta_logit": 1.5488621904011104,
  "mean_logprob_base": -8.568377208709716,
  "mean_logprob_with": -6.024371910095215,
  "mean_delta_logprob": 2.544005298614502,
  "std_delta_logprob": 1.3709236648679877,
  "mean_p_base": 0.0003062820051127346,
  "mean_p_with": 0.0156894066138193,
  "mean_delta_p": 0.015383124608706566,
  "std_delta_p": 0.03163359738181161
}