{
  "acc_base": 0.0,
  "acc_with": 0.1,
  "delta_acc": 0.1,
  "mean_logit_base": 7.644921875,
  "mean_logit_with": 9.0421875,
  "mean_delta_logit": 1.397265625,
  "std_delta_logit": 1.368798214137274,
  "mean_logprob_base": -7.199356460571289,
  "mean_logprob_with": -6.025011253356934,
  "mean_delta_logprob": 1.1743452072143554,
  "std_delta_logprob": 1.3021520786116394,
  "mean_p_base": 0.003960345350424177,
  "mean_p_with": 0.02673963300330797,
  "mean_delta_p": 0.022779287652883794,
  "std_delta_p": 0.04743159160031215
}