{
  "acc_base": 0.0,
  "acc_with": 0.0,
  "delta_acc": 0.0,
  "mean_logit_base": 4.84443359375,
  "mean_logit_with": 7.693359375,
  "mean_delta_logit": 2.84892578125,
  "std_delta_logit": 0.7063419315966347,
  "mean_logprob_base": -8.568377208709716,
  "mean_logprob_with": -6.643807411193848,
  "mean_delta_logprob": 1.924569797515869,
  "std_delta_logprob": 0.805515576685094,
  "mean_p_base": 0.0003062820051127346,
  "mean_p_with": 0.004140893020667136,
  "mean_delta_p": 0.003834611015554401,
  "std_delta_p": 0.008119369952215438
}