{
  "acc_base": 0.1,
  "acc_with": 0.1,
  "delta_acc": 0.0,
  "mean_logit_base": 7.1091796875,
  "mean_logit_with": 7.833203125,
  "mean_delta_logit": 0.7240234375,
  "std_delta_logit": 0.41477316850422613,
  "mean_logprob_base": -6.924390602111816,
  "mean_logprob_with": -6.611277389526367,
  "mean_delta_logprob": 0.3131132125854492,
  "std_delta_logprob": 0.3586594463654411,
  "mean_p_base": 0.01445253350539133,
  "mean_p_with": 0.014908994978759438,
  "mean_delta_p": 0.0004564614733681083,
  "std_delta_p": 0.0005560188999441877
}