{
  "acc_base": 0.0,
  "acc_with": 0.2,
  "delta_acc": 0.2,
  "mean_logit_base": 7.0,
  "mean_logit_with": 11.18828125,
  "mean_delta_logit": 4.18828125,
  "std_delta_logit": 1.383297716777624,
  "mean_logprob_base": -7.194552993774414,
  "mean_logprob_with": -3.902477169036865,
  "mean_delta_logprob": 3.292075824737549,
  "std_delta_logprob": 1.0782992305032204,
  "mean_p_base": 0.0014635205516242422,
  "mean_p_with": 0.04211899912916124,
  "mean_delta_p": 0.040655478577537,
  "std_delta_p": 0.04089619427051992
}