{
  "acc_base": 0.0,
  "acc_with": 0.0,
  "delta_acc": 0.0,
  "mean_logit_base": 7.34453125,
  "mean_logit_with": 12.16875,
  "mean_delta_logit": 4.82421875,
  "std_delta_logit": 1.6711282648960177,
  "mean_logprob_base": -6.288721752166748,
  "mean_logprob_with": -3.804461860656738,
  "mean_delta_logprob": 2.4842598915100096,
  "std_delta_logprob": 1.1521775445961793,
  "mean_p_base": 0.003099867833952885,
  "mean_p_with": 0.03363974778912961,
  "mean_delta_p": 0.03053987995517673,
  "std_delta_p": 0.025236366259087463
}