{
  "acc_base": 0.0,
  "acc_with": 0.0,
  "delta_acc": 0.0,
  "mean_logit_base": 7.0,
  "mean_logit_with": 7.863671875,
  "mean_delta_logit": 0.863671875,
  "std_delta_logit": 2.0765321153838925,
  "mean_logprob_base": -7.194552993774414,
  "mean_logprob_with": -6.33530559539795,
  "mean_delta_logprob": 0.8592473983764648,
  "std_delta_logprob": 1.3988799621129213,
  "mean_p_base": 0.0014635205516242422,
  "mean_p_with": 0.004655465805262793,
  "mean_delta_p": 0.0031919452536385506,
  "std_delta_p": 0.006010246249209686
}