{
  "acc_base": 0.0,
  "acc_with": 0.0,
  "delta_acc": 0.0,
  "mean_logit_base": 7.34453125,
  "mean_logit_with": 8.6390625,
  "mean_delta_logit": 1.29453125,
  "std_delta_logit": 0.409505436042597,
  "mean_logprob_base": -6.288721752166748,
  "mean_logprob_with": -5.5206328392028805,
  "mean_delta_logprob": 0.7680889129638672,
  "std_delta_logprob": 0.40837797831387673,
  "mean_p_base": 0.003099867833952885,
  "mean_p_with": 0.00832588317571208,
  "mean_delta_p": 0.0052260153417591935,
  "std_delta_p": 0.008372757106439368
}