{
  "acc_base": 0.0,
  "acc_with": 0.0,
  "delta_acc": 0.0,
  "mean_logit_base": 7.34453125,
  "mean_logit_with": 9.053125,
  "mean_delta_logit": 1.70859375,
  "std_delta_logit": 1.4057889869326938,
  "mean_logprob_base": -6.288721752166748,
  "mean_logprob_with": -5.2536940574646,
  "mean_delta_logprob": 1.0350276947021484,
  "std_delta_logprob": 1.1849101895621217,
  "mean_p_base": 0.003099867833952885,
  "mean_p_with": 0.015531871211715042,
  "mean_delta_p": 0.012432003377762157,
  "std_delta_p": 0.026466692849084518
}