{
  "q_id": "Q13",
  "step6_dir": "results_fv/relation_qwise/relationB_ex/Q13/artifacts/step6",
  "num_layers_found": 32,
  "num_layers_loaded": 32,
  "found_layers": [
    0,
    1,
    2,
    3,
    4,
    5,
    6,
    7,
    8,
    9,
    10,
    11,
    12,
    13,
    14,
    15,
    16,
    17,
    18,
    19,
    20,
    21,
    22,
    23,
    24,
    25,
    26,
    27,
    28,
    29,
    30,
    31
  ],
  "loaded_layers": [
    0,
    1,
    2,
    3,
    4,
    5,
    6,
    7,
    8,
    9,
    10,
    11,
    12,
    13,
    14,
    15,
    16,
    17,
    18,
    19,
    20,
    21,
    22,
    23,
    24,
    25,
    26,
    27,
    28,
    29,
    30,
    31
  ],
  "missing_layers": [],
  "best_layer": 2,
  "best_mean_delta_p": 0.024374283694593258,
  "generated_at": "2026-02-10T12:04:30.041699Z",
  "skipped_layers": []
}