layer,mean_delta_p
0,0.012104249060754455
1,0.020483535261988664
2,0.024374283694593258
3,0.0019509807831821035
4,0.0005794816710806572
5,0.0007822356129975105
6,0.0004773735190019579
7,0.0003383057643293341
8,0.000292381485040778
9,0.0006789300970365275
10,0.0013951230333952935
11,0.0018226356528259658
12,0.002411798085540795
13,0.0030895315198324626
14,0.0030405690372515438
15,0.0011631190314415106
16,0.00086676780633411
17,0.0002899994439405873
18,0.00023597079406442845
19,0.00022575973508537573
20,0.00019082413106161767
21,0.0001238280221991772
22,7.087084860700088e-05
23,6.6785402422056e-05
24,6.283257796440012e-05
25,5.040684947005047e-05
26,5.59266745426612e-05
27,5.563664948965652e-05
28,5.332169882819926e-05
29,4.653271580309592e-05
30,1.731882903470705e-05
31,8.921728354494008e-06
