{
  "acc_base": 0.1,
  "acc_with": 0.1,
  "delta_acc": 0.0,
  "mean_logit_base": 9.5408203125,
  "mean_logit_with": 10.67109375,
  "mean_delta_logit": 1.1302734375,
  "std_delta_logit": 0.4872912228851233,
  "mean_logprob_base": -5.262996768951416,
  "mean_logprob_with": -4.641828346252441,
  "mean_delta_logprob": 0.6211684226989747,
  "std_delta_logprob": 0.41188004954280166,
  "mean_p_base": 0.018350403838212515,
  "mean_p_with": 0.028490416732938683,
  "mean_delta_p": 0.010140012894726168,
  "std_delta_p": 0.0074098222128593
}