{
  "acc_base": 0.0,
  "acc_with": 0.1,
  "delta_acc": 0.1,
  "mean_logit_base": 5.83408203125,
  "mean_logit_with": 8.28017578125,
  "mean_delta_logit": 2.44609375,
  "std_delta_logit": 1.9136963935584845,
  "mean_logprob_base": -7.218427944183349,
  "mean_logprob_with": -6.177584171295166,
  "mean_delta_logprob": 1.0408437728881836,
  "std_delta_logprob": 2.2965484818136557,
  "mean_p_base": 0.002226201119628968,
  "mean_p_with": 0.028335433022800772,
  "mean_delta_p": 0.026109231903171805,
  "std_delta_p": 0.03844601643110585
}