{
  "acc_base": 0.0,
  "acc_with": 0.1,
  "delta_acc": 0.1,
  "mean_logit_base": 7.687890625,
  "mean_logit_with": 9.451171875,
  "mean_delta_logit": 1.76328125,
  "std_delta_logit": 1.5484576026697099,
  "mean_logprob_base": -6.482449626922607,
  "mean_logprob_with": -5.744871139526367,
  "mean_delta_logprob": 0.7375784873962402,
  "std_delta_logprob": 0.8757799705927314,
  "mean_p_base": 0.01547693213178718,
  "mean_p_with": 0.020673934417573037,
  "mean_delta_p": 0.005197002285785857,
  "std_delta_p": 0.00779344781563046
}