{
  "acc_base": 0.0,
  "acc_with": 0.2,
  "delta_acc": 0.2,
  "mean_logit_base": 7.814453125,
  "mean_logit_with": 12.66171875,
  "mean_delta_logit": 4.847265625,
  "std_delta_logit": 1.4176689701188676,
  "mean_logprob_base": -6.97628755569458,
  "mean_logprob_with": -3.4609988212585447,
  "mean_delta_logprob": 3.515288734436035,
  "std_delta_logprob": 1.2738805209115853,
  "mean_p_base": 0.007047936401068,
  "mean_p_with": 0.12875154183711857,
  "mean_delta_p": 0.12170360543605056,
  "std_delta_p": 0.16210563162358607
}