{
  "acc_base": 0.1,
  "acc_with": 0.3,
  "delta_acc": 0.19999999999999998,
  "mean_logit_base": 9.5408203125,
  "mean_logit_with": 12.5373046875,
  "mean_delta_logit": 2.996484375,
  "std_delta_logit": 1.4238658474083912,
  "mean_logprob_base": -5.262996768951416,
  "mean_logprob_with": -3.5259652137756348,
  "mean_delta_logprob": 1.7370315551757813,
  "std_delta_logprob": 1.113859918327005,
  "mean_p_base": 0.018350403838212515,
  "mean_p_with": 0.10961238594691167,
  "mean_delta_p": 0.09126198210869915,
  "std_delta_p": 0.13047759134734843
}