{
  "acc_base": 0.1,
  "acc_with": 0.2,
  "delta_acc": 0.1,
  "mean_logit_base": 9.5408203125,
  "mean_logit_with": 11.0580078125,
  "mean_delta_logit": 1.5171875,
  "std_delta_logit": 1.0421918923258267,
  "mean_logprob_base": -5.262996768951416,
  "mean_logprob_with": -4.226052856445312,
  "mean_delta_logprob": 1.0369439125061035,
  "std_delta_logprob": 0.8611453505343849,
  "mean_p_base": 0.018350403838212515,
  "mean_p_with": 0.05073286411216031,
  "mean_delta_p": 0.0323824602739478,
  "std_delta_p": 0.04177790131128921
}