{
  "acc_base": 0.0,
  "acc_with": 0.0,
  "delta_acc": 0.0,
  "mean_logit_base": 7.0,
  "mean_logit_with": 7.486328125,
  "mean_delta_logit": 0.486328125,
  "std_delta_logit": 0.21046859050198113,
  "mean_logprob_base": -7.194552993774414,
  "mean_logprob_with": -6.969944667816162,
  "mean_delta_logprob": 0.22460832595825195,
  "std_delta_logprob": 0.17817360663713552,
  "mean_p_base": 0.0014635205516242422,
  "mean_p_with": 0.001943921801284887,
  "mean_delta_p": 0.0004804012496606447,
  "std_delta_p": 0.0005440101725049806
}