{
  "acc_base": 0.1,
  "acc_with": 0.1,
  "delta_acc": 0.0,
  "mean_logit_base": 7.1091796875,
  "mean_logit_with": 7.84375,
  "mean_delta_logit": 0.7345703125,
  "std_delta_logit": 0.27790498067449493,
  "mean_logprob_base": -6.924390602111816,
  "mean_logprob_with": -6.731892204284668,
  "mean_delta_logprob": 0.19249839782714845,
  "std_delta_logprob": 0.27290783321281253,
  "mean_p_base": 0.01445253350539133,
  "mean_p_with": 0.014173866121564061,
  "mean_delta_p": -0.0002786673838272691,
  "std_delta_p": 0.0019361990086546232
}