{
  "acc_base": 0.0,
  "acc_with": 0.0,
  "delta_acc": 0.0,
  "mean_logit_base": 7.0,
  "mean_logit_with": 6.577734375,
  "mean_delta_logit": -0.422265625,
  "std_delta_logit": 2.260030437703374,
  "mean_logprob_base": -7.194552993774414,
  "mean_logprob_with": -7.26698112487793,
  "mean_delta_logprob": -0.07242813110351562,
  "std_delta_logprob": 1.505595432747283,
  "mean_p_base": 0.0014635205516242422,
  "mean_p_with": 0.0017863293112895917,
  "mean_delta_p": 0.0003228087596653495,
  "std_delta_p": 0.002395765252048341
}