{
  "acc_base": 0.0,
  "acc_with": 0.4,
  "delta_acc": 0.4,
  "mean_logit_base": 5.83408203125,
  "mean_logit_with": 11.6359375,
  "mean_delta_logit": 5.80185546875,
  "std_delta_logit": 1.3682133741838414,
  "mean_logprob_base": -7.218427944183349,
  "mean_logprob_with": -3.659960460662842,
  "mean_delta_logprob": 3.558467483520508,
  "std_delta_logprob": 0.9214216247738741,
  "mean_p_base": 0.002226201119628968,
  "mean_p_with": 0.12048707917128923,
  "mean_delta_p": 0.11826087805166026,
  "std_delta_p": 0.12885566752875083
}