{
  "acc_base": 0.0,
  "acc_with": 0.1,
  "delta_acc": 0.1,
  "mean_logit_base": 4.84443359375,
  "mean_logit_with": 8.2515625,
  "mean_delta_logit": 3.40712890625,
  "std_delta_logit": 1.1198797435572747,
  "mean_logprob_base": -8.568377208709716,
  "mean_logprob_with": -6.069989967346191,
  "mean_delta_logprob": 2.4983872413635253,
  "std_delta_logprob": 0.9822687812578493,
  "mean_p_base": 0.0003062820051127346,
  "mean_p_with": 0.008839904812339228,
  "mean_delta_p": 0.008533622807226493,
  "std_delta_p": 0.01582988711947726
}