{
  "acc_base": 0.0,
  "acc_with": 0.0,
  "delta_acc": 0.0,
  "mean_logit_base": 7.644921875,
  "mean_logit_with": 8.203125,
  "mean_delta_logit": 0.558203125,
  "std_delta_logit": 0.3648004608285235,
  "mean_logprob_base": -7.199356460571289,
  "mean_logprob_with": -6.965239143371582,
  "mean_delta_logprob": 0.23411731719970702,
  "std_delta_logprob": 0.294861283793702,
  "mean_p_base": 0.003960345350424177,
  "mean_p_with": 0.0062041411521931876,
  "mean_delta_p": 0.002243795801769011,
  "std_delta_p": 0.004386443388868633
}