{
  "acc_base": 0.0,
  "acc_with": 0.0,
  "delta_acc": 0.0,
  "mean_logit_base": 7.814453125,
  "mean_logit_with": 7.76640625,
  "mean_delta_logit": -0.048046875,
  "std_delta_logit": 0.46369359416275974,
  "mean_logprob_base": -6.97628755569458,
  "mean_logprob_with": -7.855653858184814,
  "mean_delta_logprob": -0.8793663024902344,
  "std_delta_logprob": 0.47176276944248063,
  "mean_p_base": 0.007047936401068,
  "mean_p_with": 0.0030085077985859245,
  "mean_delta_p": -0.004039428602482076,
  "std_delta_p": 0.009866206816516083
}