{
  "acc_base": 0.1,
  "acc_with": 0.2,
  "delta_acc": 0.1,
  "mean_logit_base": 9.5408203125,
  "mean_logit_with": 11.0080078125,
  "mean_delta_logit": 1.4671875,
  "std_delta_logit": 0.5341322319528541,
  "mean_logprob_base": -5.262996768951416,
  "mean_logprob_with": -4.414280986785888,
  "mean_delta_logprob": 0.8487157821655273,
  "std_delta_logprob": 0.7282739807822876,
  "mean_p_base": 0.018350403838212515,
  "mean_p_with": 0.03851764506480322,
  "mean_delta_p": 0.020167241226590703,
  "std_delta_p": 0.020395585076438162
}