{
  "acc_base": 0.0,
  "acc_with": 0.3,
  "delta_acc": 0.3,
  "mean_logit_base": 5.83408203125,
  "mean_logit_with": 9.412109375,
  "mean_delta_logit": 3.57802734375,
  "std_delta_logit": 1.5209145305679088,
  "mean_logprob_base": -7.218427944183349,
  "mean_logprob_with": -4.583720779418945,
  "mean_delta_logprob": 2.6347071647644045,
  "std_delta_logprob": 1.2738994208728136,
  "mean_p_base": 0.002226201119628968,
  "mean_p_with": 0.04842510995003977,
  "mean_delta_p": 0.0461989088304108,
  "std_delta_p": 0.04676821212164624
}