{
  "acc_base": 0.0,
  "acc_with": 0.1,
  "delta_acc": 0.1,
  "mean_logit_base": 7.687890625,
  "mean_logit_with": 9.1671875,
  "mean_delta_logit": 1.479296875,
  "std_delta_logit": 1.405218860237086,
  "mean_logprob_base": -6.482449626922607,
  "mean_logprob_with": -5.6003392219543455,
  "mean_delta_logprob": 0.8821104049682618,
  "std_delta_logprob": 1.0068808023460136,
  "mean_p_base": 0.01547693213178718,
  "mean_p_with": 0.028764018183574082,
  "mean_delta_p": 0.013287086051786901,
  "std_delta_p": 0.023917071290051304
}