{
  "acc_base": 0.0,
  "acc_with": 0.0,
  "delta_acc": 0.0,
  "mean_logit_base": 7.0,
  "mean_logit_with": 9.57734375,
  "mean_delta_logit": 2.57734375,
  "std_delta_logit": 1.8901017806485814,
  "mean_logprob_base": -7.194552993774414,
  "mean_logprob_with": -5.529754638671875,
  "mean_delta_logprob": 1.6647983551025392,
  "std_delta_logprob": 1.4612411656925992,
  "mean_p_base": 0.0014635205516242422,
  "mean_p_with": 0.013884844997664913,
  "mean_delta_p": 0.01242132444604067,
  "std_delta_p": 0.016739742119087225
}