{
  "acc_base": 0.0,
  "acc_with": 0.2,
  "delta_acc": 0.2,
  "mean_logit_base": 7.0,
  "mean_logit_with": 11.34453125,
  "mean_delta_logit": 4.34453125,
  "std_delta_logit": 1.7981260929893272,
  "mean_logprob_base": -7.194552993774414,
  "mean_logprob_with": -3.760511112213135,
  "mean_delta_logprob": 3.434041881561279,
  "std_delta_logprob": 1.2131096714428355,
  "mean_p_base": 0.0014635205516242422,
  "mean_p_with": 0.05984772033989429,
  "mean_delta_p": 0.05838419978827005,
  "std_delta_p": 0.07916273528168405
}