{
  "acc_base": 0.0,
  "acc_with": 0.0,
  "delta_acc": 0.0,
  "mean_logit_base": 7.644921875,
  "mean_logit_with": 9.17578125,
  "mean_delta_logit": 1.530859375,
  "std_delta_logit": 0.6699337189186261,
  "mean_logprob_base": -7.199356460571289,
  "mean_logprob_with": -6.18623104095459,
  "mean_delta_logprob": 1.0131254196166992,
  "std_delta_logprob": 0.6180116149363408,
  "mean_p_base": 0.003960345350424177,
  "mean_p_with": 0.011685486799979116,
  "mean_delta_p": 0.00772514144955494,
  "std_delta_p": 0.013277271215856357
}