{
  "acc_base": 0.0,
  "acc_with": 0.0,
  "delta_acc": 0.0,
  "mean_logit_base": 5.83408203125,
  "mean_logit_with": 7.7470703125,
  "mean_delta_logit": 1.91298828125,
  "std_delta_logit": 0.7709220223483215,
  "mean_logprob_base": -7.218427944183349,
  "mean_logprob_with": -5.973332023620605,
  "mean_delta_logprob": 1.245095920562744,
  "std_delta_logprob": 0.5328152301991439,
  "mean_p_base": 0.002226201119628968,
  "mean_p_with": 0.010986182316628401,
  "mean_delta_p": 0.008759981196999434,
  "std_delta_p": 0.009776139832768663
}