{
  "acc_base": 0.0,
  "acc_with": 0.0,
  "delta_acc": 0.0,
  "mean_logit_base": 7.0,
  "mean_logit_with": 7.844921875,
  "mean_delta_logit": 0.844921875,
  "std_delta_logit": 0.385220622473039,
  "mean_logprob_base": -7.194552993774414,
  "mean_logprob_with": -6.572249507904052,
  "mean_delta_logprob": 0.6223034858703613,
  "std_delta_logprob": 0.30868178533000207,
  "mean_p_base": 0.0014635205516242422,
  "mean_p_with": 0.0027278782057692298,
  "mean_delta_p": 0.0012643576541449876,
  "std_delta_p": 0.001225811167969701
}