{
  "acc_base": 0.1,
  "acc_with": 0.1,
  "delta_acc": 0.0,
  "mean_logit_base": 9.5408203125,
  "mean_logit_with": 10.5431640625,
  "mean_delta_logit": 1.00234375,
  "std_delta_logit": 0.33632426863352427,
  "mean_logprob_base": -5.262996768951416,
  "mean_logprob_with": -4.943486309051513,
  "mean_delta_logprob": 0.31951045989990234,
  "std_delta_logprob": 0.23689422126180332,
  "mean_p_base": 0.018350403838212515,
  "mean_p_with": 0.022324872724493617,
  "mean_delta_p": 0.0039744688862811016,
  "std_delta_p": 0.003868720380420824
}