{
  "acc_base": 0.0,
  "acc_with": 0.1,
  "delta_acc": 0.1,
  "mean_logit_base": 7.687890625,
  "mean_logit_with": 9.628515625,
  "mean_delta_logit": 1.940625,
  "std_delta_logit": 0.7793586480842758,
  "mean_logprob_base": -6.482449626922607,
  "mean_logprob_with": -5.276989841461182,
  "mean_delta_logprob": 1.2054597854614257,
  "std_delta_logprob": 0.5779473832891038,
  "mean_p_base": 0.01547693213178718,
  "mean_p_with": 0.025840355816762896,
  "mean_delta_p": 0.010363423684975715,
  "std_delta_p": 0.011425935949616968
}