{
  "acc_base": 0.0,
  "acc_with": 0.0,
  "delta_acc": 0.0,
  "mean_logit_base": 7.34453125,
  "mean_logit_with": 10.10859375,
  "mean_delta_logit": 2.7640625,
  "std_delta_logit": 1.2259281301419906,
  "mean_logprob_base": -6.288721752166748,
  "mean_logprob_with": -4.447153472900391,
  "mean_delta_logprob": 1.8415682792663575,
  "std_delta_logprob": 1.0533748080528784,
  "mean_p_base": 0.003099867833952885,
  "mean_p_with": 0.015809625433757902,
  "mean_delta_p": 0.012709757599805017,
  "std_delta_p": 0.012978944259539339
}