{
  "acc_base": 0.0,
  "acc_with": 0.0,
  "delta_acc": 0.0,
  "mean_logit_base": 7.0,
  "mean_logit_with": 7.567578125,
  "mean_delta_logit": 0.567578125,
  "std_delta_logit": 0.32643748541606804,
  "mean_logprob_base": -7.194552993774414,
  "mean_logprob_with": -6.989950656890869,
  "mean_delta_logprob": 0.20460233688354493,
  "std_delta_logprob": 0.22588929949562894,
  "mean_p_base": 0.0014635205516242422,
  "mean_p_with": 0.00193696073256433,
  "mean_delta_p": 0.0004734401809400879,
  "std_delta_p": 0.0007216369917798487
}