{
  "acc_base": 0.0,
  "acc_with": 0.0,
  "delta_acc": 0.0,
  "mean_logit_base": 7.644921875,
  "mean_logit_with": 8.641796875,
  "mean_delta_logit": 0.996875,
  "std_delta_logit": 0.4768979352282834,
  "mean_logprob_base": -7.199356460571289,
  "mean_logprob_with": -6.682149219512939,
  "mean_delta_logprob": 0.5172072410583496,
  "std_delta_logprob": 0.38059290034069637,
  "mean_p_base": 0.003960345350424177,
  "mean_p_with": 0.005475729789759498,
  "mean_delta_p": 0.001515384439335321,
  "std_delta_p": 0.003403126466208667
}