{
  "acc_base": 0.1,
  "acc_with": 0.0,
  "delta_acc": -0.1,
  "mean_logit_base": 7.1091796875,
  "mean_logit_with": 7.185546875,
  "mean_delta_logit": 0.0763671875,
  "std_delta_logit": 1.9952218103074806,
  "mean_logprob_base": -6.924390602111816,
  "mean_logprob_with": -7.192845630645752,
  "mean_delta_logprob": -0.26845502853393555,
  "std_delta_logprob": 1.4666052124035134,
  "mean_p_base": 0.01445253350539133,
  "mean_p_with": 0.002430438598821638,
  "mean_delta_p": -0.012022094906569691,
  "std_delta_p": 0.03824199043743261
}