{
  "acc_base": 0.0,
  "acc_with": 0.0,
  "delta_acc": 0.0,
  "mean_logit_base": 7.687890625,
  "mean_logit_with": 9.010546875,
  "mean_delta_logit": 1.32265625,
  "std_delta_logit": 0.46519878773420614,
  "mean_logprob_base": -6.482449626922607,
  "mean_logprob_with": -5.991362190246582,
  "mean_delta_logprob": 0.4910874366760254,
  "std_delta_logprob": 0.3332453756865157,
  "mean_p_base": 0.01547693213178718,
  "mean_p_with": 0.01460505684153759,
  "mean_delta_p": -0.0008718752902495908,
  "std_delta_p": 0.009592099775691518
}