{
  "acc_base": 0.0,
  "acc_with": 0.0,
  "delta_acc": 0.0,
  "mean_logit_base": 7.0,
  "mean_logit_with": 9.04375,
  "mean_delta_logit": 2.04375,
  "std_delta_logit": 1.2490814496154514,
  "mean_logprob_base": -7.194552993774414,
  "mean_logprob_with": -5.328820896148682,
  "mean_delta_logprob": 1.8657320976257323,
  "std_delta_logprob": 0.9758069115171011,
  "mean_p_base": 0.0014635205516242422,
  "mean_p_with": 0.010082824155688286,
  "mean_delta_p": 0.008619303604064044,
  "std_delta_p": 0.007781733585337845
}