{
  "acc_base": 0.1,
  "acc_with": 0.0,
  "delta_acc": -0.1,
  "mean_logit_base": 9.5408203125,
  "mean_logit_with": 9.258203125,
  "mean_delta_logit": -0.2826171875,
  "std_delta_logit": 0.3137086611562911,
  "mean_logprob_base": -5.262996768951416,
  "mean_logprob_with": -6.404992866516113,
  "mean_delta_logprob": -1.1419960975646972,
  "std_delta_logprob": 0.38720437996052015,
  "mean_p_base": 0.018350403838212515,
  "mean_p_with": 0.00580508530881616,
  "mean_delta_p": -0.012545318529396355,
  "std_delta_p": 0.016686353192981243
}