{
  "acc_base": 0.0,
  "acc_with": 0.0,
  "delta_acc": 0.0,
  "mean_logit_base": 7.34453125,
  "mean_logit_with": 8.64140625,
  "mean_delta_logit": 1.296875,
  "std_delta_logit": 0.33279324328092585,
  "mean_logprob_base": -6.288721752166748,
  "mean_logprob_with": -5.6600494384765625,
  "mean_delta_logprob": 0.6286723136901855,
  "std_delta_logprob": 0.2897899610759352,
  "mean_p_base": 0.003099867833952885,
  "mean_p_with": 0.006000310654053464,
  "mean_delta_p": 0.0029004428201005795,
  "std_delta_p": 0.0035928041217511766
}