{
  "acc_base": 0.0,
  "acc_with": 0.0,
  "delta_acc": 0.0,
  "mean_logit_base": 7.34453125,
  "mean_logit_with": 9.6453125,
  "mean_delta_logit": 2.30078125,
  "std_delta_logit": 1.311660352705446,
  "mean_logprob_base": -6.288721752166748,
  "mean_logprob_with": -4.465177440643311,
  "mean_delta_logprob": 1.8235443115234375,
  "std_delta_logprob": 1.1339946782298236,
  "mean_p_base": 0.003099867833952885,
  "mean_p_with": 0.019916167040355502,
  "mean_delta_p": 0.016816299206402617,
  "std_delta_p": 0.02222155103057499
}