{
  "acc_base": 0.0,
  "acc_with": 0.0,
  "delta_acc": 0.0,
  "mean_logit_base": 4.84443359375,
  "mean_logit_with": 6.3220703125,
  "mean_delta_logit": 1.47763671875,
  "std_delta_logit": 0.46160291325659714,
  "mean_logprob_base": -8.568377208709716,
  "mean_logprob_with": -7.726047992706299,
  "mean_delta_logprob": 0.8423292160034179,
  "std_delta_logprob": 0.5042884241112149,
  "mean_p_base": 0.0003062820051127346,
  "mean_p_with": 0.0011720643735316117,
  "mean_delta_p": 0.0008657823684188771,
  "std_delta_p": 0.00203216019440844
}