{
  "acc_base": 0.0,
  "acc_with": 0.0,
  "delta_acc": 0.0,
  "mean_logit_base": 7.0,
  "mean_logit_with": 7.86171875,
  "mean_delta_logit": 0.86171875,
  "std_delta_logit": 0.32740900304273474,
  "mean_logprob_base": -7.194552993774414,
  "mean_logprob_with": -6.871851539611816,
  "mean_delta_logprob": 0.32270145416259766,
  "std_delta_logprob": 0.2506919298205543,
  "mean_p_base": 0.0014635205516242422,
  "mean_p_with": 0.0021358672107453457,
  "mean_delta_p": 0.0006723466591211036,
  "std_delta_p": 0.000766946294759577
}