{
  "acc_base": 0.0,
  "acc_with": 0.0,
  "delta_acc": 0.0,
  "mean_logit_base": 5.83408203125,
  "mean_logit_with": 6.558203125,
  "mean_delta_logit": 0.72412109375,
  "std_delta_logit": 0.36477276195179165,
  "mean_logprob_base": -7.218427944183349,
  "mean_logprob_with": -7.34221248626709,
  "mean_delta_logprob": -0.12378454208374023,
  "std_delta_logprob": 0.36134481274102137,
  "mean_p_base": 0.002226201119628968,
  "mean_p_with": 0.0026015386523795315,
  "mean_delta_p": 0.0003753375327505637,
  "std_delta_p": 0.0012690138944649516
}