{
  "acc_base": 0.1,
  "acc_with": 0.4,
  "delta_acc": 0.30000000000000004,
  "mean_logit_base": 9.5408203125,
  "mean_logit_with": 14.30234375,
  "mean_delta_logit": 4.7615234375,
  "std_delta_logit": 1.9387762874392744,
  "mean_logprob_base": -5.262996768951416,
  "mean_logprob_with": -2.938073921203613,
  "mean_delta_logprob": 2.3249228477478026,
  "std_delta_logprob": 1.8173823856080573,
  "mean_p_base": 0.018350403838212515,
  "mean_p_with": 0.19490305503672972,
  "mean_delta_p": 0.1765526511985172,
  "std_delta_p": 0.17450048555285858
}