{
  "acc_base": 0.1,
  "acc_with": 0.1,
  "delta_acc": 0.0,
  "mean_logit_base": 7.1091796875,
  "mean_logit_with": 7.83671875,
  "mean_delta_logit": 0.7275390625,
  "std_delta_logit": 0.2821914175781842,
  "mean_logprob_base": -6.924390602111816,
  "mean_logprob_with": -6.71394100189209,
  "mean_delta_logprob": 0.21044960021972656,
  "std_delta_logprob": 0.26080749323382313,
  "mean_p_base": 0.01445253350539133,
  "mean_p_with": 0.015372638629924041,
  "mean_delta_p": 0.0009201051245327108,
  "std_delta_p": 0.001815891020692894
}