{
  "acc_base": 0.0,
  "acc_with": 0.0,
  "delta_acc": 0.0,
  "mean_logit_base": 7.644921875,
  "mean_logit_with": 7.791796875,
  "mean_delta_logit": 0.146875,
  "std_delta_logit": 0.8241228469086844,
  "mean_logprob_base": -7.199356460571289,
  "mean_logprob_with": -8.144710254669189,
  "mean_delta_logprob": -0.9453537940979004,
  "std_delta_logprob": 0.7476830587794007,
  "mean_p_base": 0.003960345350424177,
  "mean_p_with": 0.0043594058486633004,
  "mean_delta_p": 0.00039906049823912326,
  "std_delta_p": 0.005068215959998912
}