{
  "acc_base": 0.0,
  "acc_with": 0.1,
  "delta_acc": 0.1,
  "mean_logit_base": 7.814453125,
  "mean_logit_with": 8.33046875,
  "mean_delta_logit": 0.516015625,
  "std_delta_logit": 0.16101570081269442,
  "mean_logprob_base": -6.97628755569458,
  "mean_logprob_with": -6.613094329833984,
  "mean_delta_logprob": 0.3631932258605957,
  "std_delta_logprob": 0.17138600330918477,
  "mean_p_base": 0.007047936401068,
  "mean_p_with": 0.009698160619882401,
  "mean_delta_p": 0.002650224218814401,
  "std_delta_p": 0.006231249476142105
}