{
  "acc_base": 0.1,
  "acc_with": 0.1,
  "delta_acc": 0.0,
  "mean_logit_base": 7.1091796875,
  "mean_logit_with": 8.412890625,
  "mean_delta_logit": 1.3037109375,
  "std_delta_logit": 1.030959672229792,
  "mean_logprob_base": -6.924390602111816,
  "mean_logprob_with": -6.368102073669434,
  "mean_delta_logprob": 0.5562885284423829,
  "std_delta_logprob": 1.5857095957764535,
  "mean_p_base": 0.01445253350539133,
  "mean_p_with": 0.03394540251829312,
  "mean_delta_p": 0.019492869012901794,
  "std_delta_p": 0.05603006487434704
}