{
  "acc_base": 0.0,
  "acc_with": 0.2,
  "delta_acc": 0.2,
  "mean_logit_base": 5.83408203125,
  "mean_logit_with": 9.30859375,
  "mean_delta_logit": 3.47451171875,
  "std_delta_logit": 1.1018340037265997,
  "mean_logprob_base": -7.218427944183349,
  "mean_logprob_with": -4.773171520233154,
  "mean_delta_logprob": 2.4452564239501955,
  "std_delta_logprob": 0.8145307137138924,
  "mean_p_base": 0.002226201119628968,
  "mean_p_with": 0.040010116953635586,
  "mean_delta_p": 0.03778391583400662,
  "std_delta_p": 0.04236220062152671
}