{
  "acc_base": 0.0,
  "acc_with": 0.0,
  "delta_acc": 0.0,
  "mean_logit_base": 5.83408203125,
  "mean_logit_with": 7.7875,
  "mean_delta_logit": 1.95341796875,
  "std_delta_logit": 0.6117576070358548,
  "mean_logprob_base": -7.218427944183349,
  "mean_logprob_with": -5.95198392868042,
  "mean_delta_logprob": 1.2664440155029297,
  "std_delta_logprob": 0.5107867892661345,
  "mean_p_base": 0.002226201119628968,
  "mean_p_with": 0.010231973359987023,
  "mean_delta_p": 0.008005772240358056,
  "std_delta_p": 0.009071280674314432
}