{
  "acc_base": 0.0,
  "acc_with": 0.0,
  "delta_acc": 0.0,
  "mean_logit_base": 4.84443359375,
  "mean_logit_with": 5.7470703125,
  "mean_delta_logit": 0.90263671875,
  "std_delta_logit": 0.42363007730574476,
  "mean_logprob_base": -8.568377208709716,
  "mean_logprob_with": -8.359592151641845,
  "mean_delta_logprob": 0.2087850570678711,
  "std_delta_logprob": 0.33317419352131533,
  "mean_p_base": 0.0003062820051127346,
  "mean_p_with": 0.0004699397817603312,
  "mean_delta_p": 0.00016365777664759663,
  "std_delta_p": 0.0003293193752444509
}