{
  "acc_base": 0.0,
  "acc_with": 0.0,
  "delta_acc": 0.0,
  "mean_logit_base": 7.34453125,
  "mean_logit_with": 9.094140625,
  "mean_delta_logit": 1.749609375,
  "std_delta_logit": 1.2464297768910622,
  "mean_logprob_base": -6.288721752166748,
  "mean_logprob_with": -4.942358112335205,
  "mean_delta_logprob": 1.346363639831543,
  "std_delta_logprob": 1.01618443976772,
  "mean_p_base": 0.003099867833952885,
  "mean_p_with": 0.015538398583885282,
  "mean_delta_p": 0.012438530749932397,
  "std_delta_p": 0.022300128771300866
}