{
  "acc_base": 0.0,
  "acc_with": 0.0,
  "delta_acc": 0.0,
  "mean_logit_base": 7.34453125,
  "mean_logit_with": 9.572265625,
  "mean_delta_logit": 2.227734375,
  "std_delta_logit": 0.8312240252344449,
  "mean_logprob_base": -6.288721752166748,
  "mean_logprob_with": -4.923477745056152,
  "mean_delta_logprob": 1.3652440071105958,
  "std_delta_logprob": 0.5421793682976322,
  "mean_p_base": 0.003099867833952885,
  "mean_p_with": 0.011861846287501976,
  "mean_delta_p": 0.00876197845354909,
  "std_delta_p": 0.0070472624674155085
}