{
  "acc_base": 0.0,
  "acc_with": 0.0,
  "delta_acc": 0.0,
  "mean_logit_base": 5.83408203125,
  "mean_logit_with": 7.1650390625,
  "mean_delta_logit": 1.33095703125,
  "std_delta_logit": 0.3150834527051192,
  "mean_logprob_base": -7.218427944183349,
  "mean_logprob_with": -6.644359493255616,
  "mean_delta_logprob": 0.5740684509277344,
  "std_delta_logprob": 0.3110586416850401,
  "mean_p_base": 0.002226201119628968,
  "mean_p_with": 0.00430903325395775,
  "mean_delta_p": 0.0020828321343287826,
  "std_delta_p": 0.0023136830697634697
}