{
  "acc_base": 0.0,
  "acc_with": 0.0,
  "delta_acc": 0.0,
  "mean_logit_base": 7.0,
  "mean_logit_with": 7.90625,
  "mean_delta_logit": 0.90625,
  "std_delta_logit": 0.13191331641223716,
  "mean_logprob_base": -7.194552993774414,
  "mean_logprob_with": -6.833366107940674,
  "mean_delta_logprob": 0.36118688583374026,
  "std_delta_logprob": 0.1372021646416156,
  "mean_p_base": 0.0014635205516242422,
  "mean_p_with": 0.002169494972622488,
  "mean_delta_p": 0.0007059744209982454,
  "std_delta_p": 0.0007754250295597407
}