{
  "acc_base": 0.0,
  "acc_with": 0.0,
  "delta_acc": 0.0,
  "mean_logit_base": 7.0,
  "mean_logit_with": 8.28984375,
  "mean_delta_logit": 1.28984375,
  "std_delta_logit": 2.305236825423597,
  "mean_logprob_base": -7.194552993774414,
  "mean_logprob_with": -7.123861312866211,
  "mean_delta_logprob": 0.07069168090820313,
  "std_delta_logprob": 1.6579604167587152,
  "mean_p_base": 0.0014635205516242422,
  "mean_p_with": 0.003608849829470273,
  "mean_delta_p": 0.002145329277846031,
  "std_delta_p": 0.005148309393857513
}