{
  "acc_base": 0.0,
  "acc_with": 0.2,
  "delta_acc": 0.2,
  "mean_logit_base": 7.687890625,
  "mean_logit_with": 8.99765625,
  "mean_delta_logit": 1.309765625,
  "std_delta_logit": 0.5573085356919254,
  "mean_logprob_base": -6.482449626922607,
  "mean_logprob_with": -5.739111709594726,
  "mean_delta_logprob": 0.7433379173278809,
  "std_delta_logprob": 0.35388590643665213,
  "mean_p_base": 0.01547693213178718,
  "mean_p_with": 0.01884281345119234,
  "mean_delta_p": 0.003365881319405162,
  "std_delta_p": 0.009304268161407671
}