{
  "acc_base": 0.1,
  "acc_with": 0.1,
  "delta_acc": 0.0,
  "mean_logit_base": 7.1091796875,
  "mean_logit_with": 9.2671875,
  "mean_delta_logit": 2.1580078125,
  "std_delta_logit": 0.5087104815756615,
  "mean_logprob_base": -6.924390602111816,
  "mean_logprob_with": -5.0686829566955565,
  "mean_delta_logprob": 1.8557076454162598,
  "std_delta_logprob": 0.7863517237694688,
  "mean_p_base": 0.01445253350539133,
  "mean_p_with": 0.038304003997473045,
  "mean_delta_p": 0.023851470492081715,
  "std_delta_p": 0.05169691045331412
}