{
  "acc_base": 0.0,
  "acc_with": 0.0,
  "delta_acc": 0.0,
  "mean_logit_base": 7.0,
  "mean_logit_with": 7.720703125,
  "mean_delta_logit": 0.720703125,
  "std_delta_logit": 0.1773820340009893,
  "mean_logprob_base": -7.194552993774414,
  "mean_logprob_with": -6.827500343322754,
  "mean_delta_logprob": 0.36705265045166013,
  "std_delta_logprob": 0.21530490731951593,
  "mean_p_base": 0.0014635205516242422,
  "mean_p_with": 0.0023037235980154945,
  "mean_delta_p": 0.0008402030463912525,
  "std_delta_p": 0.0010066127891940621
}