{
  "acc_base": 0.1,
  "acc_with": 0.0,
  "delta_acc": -0.1,
  "mean_logit_base": 7.1091796875,
  "mean_logit_with": 9.595703125,
  "mean_delta_logit": 2.4865234375,
  "std_delta_logit": 0.6103973107854918,
  "mean_logprob_base": -6.924390602111816,
  "mean_logprob_with": -5.1005805969238285,
  "mean_delta_logprob": 1.8238100051879882,
  "std_delta_logprob": 0.8179302803787212,
  "mean_p_base": 0.01445253350539133,
  "mean_p_with": 0.03559914819779806,
  "mean_delta_p": 0.02114661469240673,
  "std_delta_p": 0.042412802999669874
}