{
  "acc_base": 0.0,
  "acc_with": 0.1,
  "delta_acc": 0.1,
  "mean_logit_base": 7.0,
  "mean_logit_with": 11.01171875,
  "mean_delta_logit": 4.01171875,
  "std_delta_logit": 1.4906907169082937,
  "mean_logprob_base": -7.194552993774414,
  "mean_logprob_with": -3.7431129455566405,
  "mean_delta_logprob": 3.4514400482177736,
  "std_delta_logprob": 1.3817218883889753,
  "mean_p_base": 0.0014635205516242422,
  "mean_p_with": 0.05962778546381742,
  "mean_delta_p": 0.058164264912193175,
  "std_delta_p": 0.061223575960051825
}